{
  "project_info": {
    "project_number": "174345251323",
    "firebase_url": "https://fir-loginapp-9ed8d.firebaseio.com",
    "project_id": "fir-loginapp-9ed8d",
    "storage_bucket": "fir-loginapp-9ed8d.appspot.com"
  },
  "client": [
    {
      "client_info": {
        "mobilesdk_app_id": "1:174345251323:android:852e9a40c7efc05a",
        "android_client_info": {
          "package_name": "com.example.arifhira.splash"
        }
      },
      "oauth_client": [
        {
          "client_id": "174345251323-b03knuc32fkn1k5tunk1p1d3iec7sn8s.apps.googleusercontent.com",
          "client_type": 3
        }
      ],
      "api_key": [
        {
          "current_key": "AIzaSyBugv4ATJNAoshm5rDcCdjGYmFhjPt3y-s"
        }
      ],
      "services": {
        "analytics_service": {
          "status": 1
        },
        "appinvite_service": {
          "status": 1,
          "other_platform_oauth_client": []
        },
        "ads_service": {
          "status": 2
        }
      }
    }
  ],
  "configuration_version": "1"
}